experiment,repeat,training_objective,D,gamma,N,alpha,M_train,num_steps,fast_debug,final_run,macbook_30min_run,run_mode,t_val,train_loss_t,train_acc_t,test_loss_t,test_acc_t
B,0,repo_uniform_t,40,2.0,80,0.5,20,1500,False,True,False,full_final,0.1,0.00559895362239331,0.999770107269287,1.4149474239349364,0.6173625838756561
B,0,repo_uniform_t,40,2.0,80,0.5,20,1500,False,True,False,full_final,0.3,0.03122877888381481,0.9935263574123383,1.2834593963623047,0.6074747693538666
B,0,repo_uniform_t,40,2.0,80,0.5,20,1500,False,True,False,full_final,0.5,0.11157112702727319,0.961628577709198,1.1486664867401124,0.5943418037891388
B,0,repo_uniform_t,40,2.0,80,0.5,20,1500,False,True,False,full_final,0.7,0.25609289199113844,0.8933669662475585,0.9972280049324036,0.5763105630874634
B,0,repo_uniform_t,40,2.0,80,0.5,20,1500,False,True,False,full_final,0.9,0.5127940803766251,0.7424578750133515,0.8138849890232086,0.5457535457611083
B,0,repo_uniform_t,40,2.0,80,1.0,40,1500,False,True,False,full_final,0.1,0.04382090780884027,0.9928321325778962,1.0688198709487915,0.6580736994743347
B,0,repo_uniform_t,40,2.0,80,1.0,40,1500,False,True,False,full_final,0.3,0.12206579372286797,0.9587885558605194,1.0149612677097322,0.6428692305088043
B,0,repo_uniform_t,40,2.0,80,1.0,40,1500,False,True,False,full_final,0.5,0.23958254754543304,0.9006025803089142,0.9470222389698029,0.6252199792861939
B,0,repo_uniform_t,40,2.0,80,1.0,40,1500,False,True,False,full_final,0.7,0.39507205426692965,0.8178616762161255,0.8705948615074157,0.5998811554908753
B,0,repo_uniform_t,40,2.0,80,1.0,40,1500,False,True,False,full_final,0.9,0.587209860086441,0.6861342906951904,0.7672492945194245,0.5591113722324371
B,0,repo_uniform_t,40,2.0,80,2.0,80,1500,False,True,False,full_final,0.1,0.14345299571752548,0.951637123823166,0.7943483924865723,0.6970079410076141
B,0,repo_uniform_t,40,2.0,80,2.0,80,1500,False,True,False,full_final,0.3,0.24847018808126448,0.8941977775096893,0.7899824666976929,0.6766808819770813
B,0,repo_uniform_t,40,2.0,80,2.0,80,1500,False,True,False,full_final,0.5,0.3662399142980576,0.833199188709259,0.7838773691654205,0.6522609090805054
B,0,repo_uniform_t,40,2.0,80,2.0,80,1500,False,True,False,full_final,0.7,0.49698948085308076,0.7567128360271453,0.7646183300018311,0.6207796037197113
B,0,repo_uniform_t,40,2.0,80,2.0,80,1500,False,True,False,full_final,0.9,0.6310544764995575,0.6460622656345367,0.7274758350849152,0.5705725955963135
B,0,repo_uniform_t,40,2.0,80,5.0,200,1500,False,True,False,full_final,0.1,0.2942756199836731,0.8736870861053467,0.5631621396541595,0.7421842980384826
B,0,repo_uniform_t,40,2.0,80,5.0,200,1500,False,True,False,full_final,0.3,0.3787935167551041,0.8269513416290283,0.5993794465065002,0.7164499843120575
B,0,repo_uniform_t,40,2.0,80,5.0,200,1500,False,True,False,full_final,0.5,0.4681837683916092,0.7730545222759246,0.6307270336151123,0.6859848320484161
B,0,repo_uniform_t,40,2.0,80,5.0,200,1500,False,True,False,full_final,0.7,0.556305832862854,0.7126672244071961,0.6619771146774291,0.6462169349193573
B,0,repo_uniform_t,40,2.0,80,5.0,200,1500,False,True,False,full_final,0.9,0.6486806964874268,0.6215114378929139,0.6858923661708832,0.5847349357604981
B,0,repo_uniform_t,40,2.0,80,10.0,400,1500,False,True,False,full_final,0.1,0.3573621553182602,0.838415676355362,0.4903584522008896,0.7655583965778351
B,0,repo_uniform_t,40,2.0,80,10.0,400,1500,False,True,False,full_final,0.3,0.42665636718273164,0.7982695090770722,0.5354994249343872,0.7363414943218232
B,0,repo_uniform_t,40,2.0,80,10.0,400,1500,False,True,False,full_final,0.5,0.4979135137796402,0.7532277357578278,0.5801935923099518,0.7029411458969116
B,0,repo_uniform_t,40,2.0,80,10.0,400,1500,False,True,False,full_final,0.7,0.5746868562698364,0.6964669072628021,0.6253999304771424,0.6596320855617523
B,0,repo_uniform_t,40,2.0,80,10.0,400,1500,False,True,False,full_final,0.9,0.6521111178398132,0.6142078125476838,0.6709862673282623,0.5934984350204467
B,0,repo_uniform_t,40,2.0,80,20.0,800,1500,False,True,False,full_final,0.1,0.39505073010921476,0.8159299266338348,0.4575756460428238,0.7787485957145691
B,0,repo_uniform_t,40,2.0,80,20.0,800,1500,False,True,False,full_final,0.3,0.456008363366127,0.7795467305183411,0.5074137926101685,0.7483639562129974
B,0,repo_uniform_t,40,2.0,80,20.0,800,1500,False,True,False,full_final,0.5,0.5190095579624177,0.7381487989425659,0.5578821051120758,0.7128777360916138
B,0,repo_uniform_t,40,2.0,80,20.0,800,1500,False,True,False,full_final,0.7,0.5861135339736938,0.6864695799350738,0.6101338827610016,0.6676123189926148
B,0,repo_uniform_t,40,2.0,80,20.0,800,1500,False,True,False,full_final,0.9,0.6566045546531677,0.6077596747875214,0.6650120306015015,0.5975836944580079
B,0,repo_uniform_t,40,2.0,80,50.0,2000,1500,False,True,False,full_final,0.1,0.4119103424358368,0.8040000974464417,0.4380252557992935,0.7880548930168152
B,0,repo_uniform_t,40,2.0,80,50.0,2000,1500,False,True,False,full_final,0.3,0.46776516008853913,0.7711670140552521,0.4901439243555069,0.7577210092544555
B,0,repo_uniform_t,40,2.0,80,50.0,2000,1500,False,True,False,full_final,0.5,0.5266256002044677,0.7322820412063599,0.5435969316959381,0.7206070041656494
B,0,repo_uniform_t,40,2.0,80,50.0,2000,1500,False,True,False,full_final,0.7,0.5893451176261902,0.6829095885276795,0.599841651916504,0.6741369020938873
B,0,repo_uniform_t,40,2.0,80,50.0,2000,1500,False,True,False,full_final,0.9,0.6568147309494018,0.6068524096298218,0.6605882287025452,0.6016946852207183
C,0,repo_uniform_t,80,1.0,80,1.0,80,1500,False,True,False,full_final,0.1,0.17587340086698533,0.940718228816986,1.0098928201198578,0.6146421933174133
C,0,repo_uniform_t,80,1.0,80,1.0,80,1500,False,True,False,full_final,0.3,0.2868159633874893,0.876075884103775,0.9676821112632752,0.6015961849689484
C,0,repo_uniform_t,80,1.0,80,1.0,80,1500,False,True,False,full_final,0.5,0.40971511602401733,0.8086011528968811,0.9167176973819733,0.5863347053527832
C,0,repo_uniform_t,80,1.0,80,1.0,80,1500,False,True,False,full_final,0.7,0.5322004008293152,0.733887392282486,0.8517402672767639,0.5672831225395203
C,0,repo_uniform_t,80,1.0,80,1.0,80,1500,False,True,False,full_final,0.9,0.6467572569847106,0.6293238878250123,0.7574122047424316,0.5389421498775482
C,0,repo_uniform_t,80,1.0,80,2.0,160,1500,False,True,False,full_final,0.1,0.3351555758714676,0.8529046654701233,0.771571832895279,0.64622110247612
C,0,repo_uniform_t,80,1.0,80,2.0,160,1500,False,True,False,full_final,0.3,0.4226590162515641,0.8006164288520813,0.7703424644470215,0.6283678603172302
C,0,repo_uniform_t,80,1.0,80,2.0,160,1500,False,True,False,full_final,0.5,0.5061977195739746,0.7494070732593536,0.7639462089538575,0.6091362428665161
C,0,repo_uniform_t,80,1.0,80,2.0,160,1500,False,True,False,full_final,0.7,0.5873448741436005,0.6891752922534943,0.7467268216609955,0.5842559158802032
C,0,repo_uniform_t,80,1.0,80,2.0,160,1500,False,True,False,full_final,0.9,0.6618926024436951,0.605978125333786,0.7158716642856597,0.5489633297920227
C,0,repo_uniform_t,80,1.0,80,5.0,400,1500,False,True,False,full_final,0.1,0.4560234171152115,0.7806243765354156,0.6211111402511597,0.6828664326667786
C,0,repo_uniform_t,80,1.0,80,5.0,400,1500,False,True,False,full_final,0.3,0.5118662106990814,0.7425221776962281,0.6407545268535614,0.6616004252433777
C,0,repo_uniform_t,80,1.0,80,5.0,400,1500,False,True,False,full_final,0.5,0.5666941344738007,0.7028687417507171,0.6615064930915833,0.6359983122348786
C,0,repo_uniform_t,80,1.0,80,5.0,400,1500,False,True,False,full_final,0.7,0.6202014195919037,0.6545951509475708,0.6766313076019287,0.6059835493564606
C,0,repo_uniform_t,80,1.0,80,5.0,400,1500,False,True,False,full_final,0.9,0.6689633655548096,0.5885545468330383,0.6893665587902069,0.5604485630989074
C,0,repo_uniform_t,80,1.0,80,10.0,800,1500,False,True,False,full_final,0.1,0.4999452430009842,0.7519941651821136,0.5793936157226562,0.6991132509708404
C,0,repo_uniform_t,80,1.0,80,10.0,800,1500,False,True,False,full_final,0.3,0.5428334414958954,0.7212429368495941,0.6085707497596741,0.6750059747695922
C,0,repo_uniform_t,80,1.0,80,10.0,800,1500,False,True,False,full_final,0.5,0.5871372997760773,0.6855109918117523,0.6351201689243317,0.6478278756141662
C,0,repo_uniform_t,80,1.0,80,10.0,800,1500,False,True,False,full_final,0.7,0.6303012585639953,0.6429231798648835,0.6596634924411774,0.6143660855293274
C,0,repo_uniform_t,80,1.0,80,10.0,800,1500,False,True,False,full_final,0.9,0.6725206255912781,0.581634476184845,0.6828110361099243,0.5655299127101898
C,0,repo_uniform_t,80,1.0,80,20.0,1600,1500,False,True,False,full_final,0.1,0.5263393741607666,0.7335806267261504,0.5676960003376007,0.7047305119037628
C,0,repo_uniform_t,80,1.0,80,20.0,1600,1500,False,True,False,full_final,0.3,0.5627785134792327,0.7055433633804321,0.5946097052097321,0.6814243233203888
C,0,repo_uniform_t,80,1.0,80,20.0,1600,1500,False,True,False,full_final,0.5,0.600432061958313,0.673442243528366,0.6239986932277679,0.6535858738422394
C,0,repo_uniform_t,80,1.0,80,20.0,1600,1500,False,True,False,full_final,0.7,0.6383318095207214,0.6337663401603699,0.6523986732959748,0.6189234340190888
C,0,repo_uniform_t,80,1.0,80,20.0,1600,1500,False,True,False,full_final,0.9,0.6749398106098176,0.5763532312393188,0.6801743686199189,0.5679123055934906
C,0,repo_uniform_t,80,1.0,80,50.0,4000,1500,False,True,False,full_final,0.1,0.5349216486835481,0.7266307754993439,0.5490341854095458,0.7159139859676361
C,0,repo_uniform_t,80,1.0,80,50.0,4000,1500,False,True,False,full_final,0.3,0.5694032131767273,0.7002641723442078,0.5813998746871948,0.6903840684890747
C,0,repo_uniform_t,80,1.0,80,50.0,4000,1500,False,True,False,full_final,0.5,0.6044094878864288,0.6690044017505645,0.6137120294570922,0.6606300008296967
C,0,repo_uniform_t,80,1.0,80,50.0,4000,1500,False,True,False,full_final,0.7,0.6399338814163208,0.6310759423065185,0.6456007874011993,0.6246948802471161
C,0,repo_uniform_t,80,1.0,80,50.0,4000,1500,False,True,False,full_final,0.9,0.6755293192005157,0.5748296048736572,0.6770756173133851,0.5717403674125672
A+B,0,repo_uniform_t,80,2.0,160,0.5,40,3000,False,True,False,full_final,0.1,0.0017186719039455056,0.999907294511795,1.7695721578598023,0.6131755435466766
A+B,0,repo_uniform_t,80,2.0,160,0.5,40,3000,False,True,False,full_final,0.3,0.022705379612743853,0.9935879147052764,1.5989303588867188,0.6031832373142243
A+B,0,repo_uniform_t,80,2.0,160,0.5,40,3000,False,True,False,full_final,0.5,0.09373764619231224,0.964562164545059,1.408022530078888,0.590265748500824
A+B,0,repo_uniform_t,80,2.0,160,0.5,40,3000,False,True,False,full_final,0.7,0.2533572432398796,0.8931651842594148,1.1863235545158386,0.5729665219783783
A+B,0,repo_uniform_t,80,2.0,160,0.5,40,3000,False,True,False,full_final,0.9,0.5193157041072846,0.7434031224250793,0.9029302322864532,0.5441014051437378
A+B+C,0,repo_uniform_t,80,2.0,160,1.0,80,3000,False,True,False,full_final,0.1,0.03274799801409244,0.9940390229225159,1.237413284778595,0.6494011390209198
A+B+C,0,repo_uniform_t,80,2.0,160,1.0,80,3000,False,True,False,full_final,0.3,0.11305126190185547,0.9581887698173525,1.15972275018692,0.6366392791271209
A+B+C,0,repo_uniform_t,80,2.0,160,1.0,80,3000,False,True,False,full_final,0.5,0.2389334535598755,0.8991891062259674,1.075576629638672,0.6185085594654083
A+B+C,0,repo_uniform_t,80,2.0,160,1.0,80,3000,False,True,False,full_final,0.7,0.41014837563037865,0.8133501887321473,0.9676048016548157,0.5945075190067292
A+B+C,0,repo_uniform_t,80,2.0,160,1.0,80,3000,False,True,False,full_final,0.9,0.604041520357132,0.6814369881153106,0.8133696293830872,0.5562211942672729
A+B+C,0,repo_uniform_t,80,2.0,160,2.0,160,3000,False,True,False,full_final,0.1,0.13670076578855514,0.9528696990013122,0.8656486749649048,0.6869869792461395
A+B+C,0,repo_uniform_t,80,2.0,160,2.0,160,3000,False,True,False,full_final,0.3,0.24710824519395827,0.8953173470497131,0.8570038831233978,0.667560544013977
A+B+C,0,repo_uniform_t,80,2.0,160,2.0,160,3000,False,True,False,full_final,0.5,0.375318757891655,0.8298188805580139,0.8392086720466614,0.6438447451591491
A+B+C,0,repo_uniform_t,80,2.0,160,2.0,160,3000,False,True,False,full_final,0.7,0.5092106169462204,0.7530004525184631,0.8070329809188843,0.6135463964939117
A+B+C,0,repo_uniform_t,80,2.0,160,2.0,160,3000,False,True,False,full_final,0.9,0.6394797039031982,0.6444448971748352,0.7467785024642944,0.5663250946998596
A+B+C,0,repo_uniform_t,80,2.0,160,5.0,400,3000,False,True,False,full_final,0.1,0.30122669994831086,0.8704894971847534,0.5864519655704499,0.7346166515350342
A+B+C,0,repo_uniform_t,80,2.0,160,5.0,400,3000,False,True,False,full_final,0.3,0.38696658730506894,0.8224036538600922,0.6187836122512818,0.7086518216133117
A+B+C,0,repo_uniform_t,80,2.0,160,5.0,400,3000,False,True,False,full_final,0.5,0.4754304414987564,0.7700497090816498,0.6488139963150025,0.6786325156688691
A+B+C,0,repo_uniform_t,80,2.0,160,5.0,400,3000,False,True,False,full_final,0.7,0.5649993073940277,0.7082232165336609,0.6744688141345978,0.6398031604290009
A+B+C,0,repo_uniform_t,80,2.0,160,5.0,400,3000,False,True,False,full_final,0.9,0.6522424972057342,0.6195398449897767,0.6907514500617981,0.5818277263641357
A+B+C,0,repo_uniform_t,80,2.0,160,10.0,800,3000,False,True,False,full_final,0.1,0.37426716029644014,0.8299761390686036,0.5077400928735734,0.7583071184158325
A+B+C,0,repo_uniform_t,80,2.0,160,10.0,800,3000,False,True,False,full_final,0.3,0.44210347414016726,0.7901011562347412,0.5502001762390136,0.7298856234550476
A+B+C,0,repo_uniform_t,80,2.0,160,10.0,800,3000,False,True,False,full_final,0.5,0.511548957824707,0.745410578250885,0.5929361057281494,0.6964135730266571
A+B+C,0,repo_uniform_t,80,2.0,160,10.0,800,3000,False,True,False,full_final,0.7,0.5840629768371582,0.6904884827136993,0.6342295277118682,0.6543503618240356
A+B+C,0,repo_uniform_t,80,2.0,160,10.0,800,3000,False,True,False,full_final,0.9,0.6568522703647613,0.6103287410736083,0.6752334988117218,0.5896029579639435
A+B+C,0,repo_uniform_t,80,2.0,160,20.0,1600,3000,False,True,False,full_final,0.1,0.4098750800132751,0.80790856757164,0.47763157486915586,0.7691558635234833
A+B+C,0,repo_uniform_t,80,2.0,160,20.0,1600,3000,False,True,False,full_final,0.3,0.46852298350334165,0.7728925311565399,0.5231867098808288,0.7399452507495881
A+B+C,0,repo_uniform_t,80,2.0,160,20.0,1600,3000,False,True,False,full_final,0.5,0.5299020510196686,0.7320834864139556,0.571548639535904,0.7055582511425018
A+B+C,0,repo_uniform_t,80,2.0,160,20.0,1600,3000,False,True,False,full_final,0.7,0.5940121366977692,0.6812695779800415,0.6197938406467438,0.6612225902080536
A+B+C,0,repo_uniform_t,80,2.0,160,20.0,1600,3000,False,True,False,full_final,0.9,0.6595335162639618,0.6056059654712677,0.6686641335487366,0.5945675957202912
A+B+C,0,repo_uniform_t,80,2.0,160,50.0,4000,3000,False,True,False,full_final,0.1,0.4298660573959351,0.7958014217567444,0.4560599136352539,0.7802739477157593
A+B+C,0,repo_uniform_t,80,2.0,160,50.0,4000,3000,False,True,False,full_final,0.3,0.48325636380672454,0.7629822257232666,0.5052953612804413,0.749021770954132
A+B+C,0,repo_uniform_t,80,2.0,160,50.0,4000,3000,False,True,False,full_final,0.5,0.5393337588691711,0.7246084959697723,0.5566982781887054,0.7127312767505646
A+B+C,0,repo_uniform_t,80,2.0,160,50.0,4000,3000,False,True,False,full_final,0.7,0.5985486268234254,0.676277510614395,0.6091468179225922,0.6674316871166229
A+B+C,0,repo_uniform_t,80,2.0,160,50.0,4000,3000,False,True,False,full_final,0.9,0.6607360024833678,0.602830918521881,0.664498450756073,0.5978579223155975
A,0,repo_uniform_t,80,2.0,160,100.0,8000,3000,False,True,False,full_final,0.1,0.43287466487884524,0.7926164234256745,0.44750514030456545,0.784413880109787
A,0,repo_uniform_t,80,2.0,160,100.0,8000,3000,False,True,False,full_final,0.3,0.4852376826572418,0.7606675051307678,0.4977192121744156,0.7527091240882874
A,0,repo_uniform_t,80,2.0,160,100.0,8000,3000,False,True,False,full_final,0.5,0.5407641467380523,0.722821685333252,0.5495773839950562,0.7165631079673767
A,0,repo_uniform_t,80,2.0,160,100.0,8000,3000,False,True,False,full_final,0.7,0.5987827333259582,0.6752011813163759,0.6039287173748016,0.6705040037631989
A,0,repo_uniform_t,80,2.0,160,100.0,8000,3000,False,True,False,full_final,0.9,0.660493003988266,0.6026332916259766,0.6625916254520416,0.6000036835670471
C,0,repo_uniform_t,80,4.0,320,1.0,80,6000,False,True,False,full_final,0.1,0.0013659218233078717,0.999920687675476,1.5423337960243224,0.6834155189990997
C,0,repo_uniform_t,80,4.0,320,1.0,80,6000,False,True,False,full_final,0.3,0.019248943030834197,0.9941828310489654,1.4037264013290405,0.6704741132259369
C,0,repo_uniform_t,80,4.0,320,1.0,80,6000,False,True,False,full_final,0.5,0.08775199621915818,0.9663891208171844,1.2543794655799865,0.6526267325878143
C,0,repo_uniform_t,80,4.0,320,1.0,80,6000,False,True,False,full_final,0.7,0.24184000879526138,0.8987709784507751,1.0854112195968628,0.6265472114086151
C,0,repo_uniform_t,80,4.0,320,1.0,80,6000,False,True,False,full_final,0.9,0.5118402087688446,0.7517915713787079,0.8676047694683074,0.5790322709083557
C,0,repo_uniform_t,80,4.0,320,2.0,160,6000,False,True,False,full_final,0.1,0.022888732627034187,0.9953985762596129,0.939469838142395,0.7344517183303833
C,0,repo_uniform_t,80,4.0,320,2.0,160,6000,False,True,False,full_final,0.3,0.08917050793766976,0.9669211626052856,0.9154318082332611,0.7153839993476868
C,0,repo_uniform_t,80,4.0,320,2.0,160,6000,False,True,False,full_final,0.5,0.2051610064506531,0.9143710458278654,0.8821177935600281,0.6909660363197326
C,0,repo_uniform_t,80,4.0,320,2.0,160,6000,False,True,False,full_final,0.7,0.3699376392364502,0.8351386463642122,0.8385174179077148,0.6556496489048004
C,0,repo_uniform_t,80,4.0,320,2.0,160,6000,False,True,False,full_final,0.9,0.5823838913440704,0.7006891906261444,0.7648016941547394,0.5953575241565704
C,0,repo_uniform_t,80,4.0,320,5.0,400,6000,False,True,False,full_final,0.1,0.12783930644392968,0.9533540821075439,0.554698075056076,0.7880710637569428
C,0,repo_uniform_t,80,4.0,320,5.0,400,6000,False,True,False,full_final,0.3,0.22588550955057143,0.9046586453914642,0.5935554265975952,0.7623860108852386
C,0,repo_uniform_t,80,4.0,320,5.0,400,6000,False,True,False,full_final,0.5,0.34191665053367615,0.8477013778686523,0.6301056444644928,0.7300312995910645
C,0,repo_uniform_t,80,4.0,320,5.0,400,6000,False,True,False,full_final,0.7,0.4744186866283417,0.7749880373477935,0.6629101967811585,0.686188884973526
C,0,repo_uniform_t,80,4.0,320,5.0,400,6000,False,True,False,full_final,0.9,0.6190500521659851,0.6633943259716034,0.6895915579795837,0.6129245865345001
C,0,repo_uniform_t,80,4.0,320,10.0,800,6000,False,True,False,full_final,0.1,0.21670349836349487,0.9088972461223602,0.43188068389892575,0.8142547166347504
C,0,repo_uniform_t,80,4.0,320,10.0,800,6000,False,True,False,full_final,0.3,0.304076367020607,0.8652802169322967,0.4832018530368805,0.786549631357193
C,0,repo_uniform_t,80,4.0,320,10.0,800,6000,False,True,False,full_final,0.5,0.39991572737693787,0.8153831398487091,0.5378532767295837,0.7512547731399536
C,0,repo_uniform_t,80,4.0,320,10.0,800,6000,False,True,False,full_final,0.7,0.5066251611709595,0.7515909850597382,0.5960580897331238,0.7033264052867889
C,0,repo_uniform_t,80,4.0,320,10.0,800,6000,False,True,False,full_final,0.9,0.6265778517723084,0.6508694994449615,0.6592211258411408,0.6237390291690826
C,0,repo_uniform_t,80,4.0,320,20.0,1600,6000,False,True,False,full_final,0.1,0.2822074777364731,0.8761328527927398,0.38785415530204775,0.8271458232402802
C,0,repo_uniform_t,80,4.0,320,20.0,1600,6000,False,True,False,full_final,0.3,0.3554806366443634,0.8389723150730133,0.44402059495449064,0.7977922189235688
C,0,repo_uniform_t,80,4.0,320,20.0,1600,6000,False,True,False,full_final,0.5,0.43585181581974025,0.7951881545543671,0.5027310192584992,0.7620613038539886
C,0,repo_uniform_t,80,4.0,320,20.0,1600,6000,False,True,False,full_final,0.7,0.5256459147453307,0.7377918080329896,0.5695668137073517,0.7125651609897613
C,0,repo_uniform_t,80,4.0,320,20.0,1600,6000,False,True,False,full_final,0.9,0.6314319888591767,0.6442459541797638,0.6473238241672515,0.6297674036026001
C,0,repo_uniform_t,80,4.0,320,50.0,4000,6000,False,True,False,full_final,0.1,0.3087195503091812,0.8611370391654969,0.349334841966629,0.8403650987148285
C,0,repo_uniform_t,80,4.0,320,50.0,4000,6000,False,True,False,full_final,0.3,0.3726026092863083,0.8281729202938081,0.40684449911117554,0.8103856527805329
C,0,repo_uniform_t,80,4.0,320,50.0,4000,6000,False,True,False,full_final,0.5,0.44415765943527225,0.7877996923637389,0.46999069571495056,0.7735958182811737
C,0,repo_uniform_t,80,4.0,320,50.0,4000,6000,False,True,False,full_final,0.7,0.5274767366409302,0.7336539657211304,0.544129742383957,0.7228863716125489
C,0,repo_uniform_t,80,4.0,320,50.0,4000,6000,False,True,False,full_final,0.9,0.6300781112098693,0.6430213741874695,0.6361285662651062,0.6370424592494964
B,0,repo_uniform_t,160,2.0,320,0.5,80,6000,False,True,False,full_final,0.1,0.0013935391348786652,0.9999682736396791,1.8896447706222534,0.6091899621486664
B,0,repo_uniform_t,160,2.0,320,0.5,80,6000,False,True,False,full_final,0.3,0.021122386045753956,0.9937150776386261,1.700485646724701,0.5996372067928314
B,0,repo_uniform_t,160,2.0,320,0.5,80,6000,False,True,False,full_final,0.5,0.0943213827908039,0.9638292348384857,1.4889335536956787,0.5874371504783631
B,0,repo_uniform_t,160,2.0,320,0.5,80,6000,False,True,False,full_final,0.7,0.25731744945049284,0.8915397965908051,1.2490199518203735,0.570291942358017
B,0,repo_uniform_t,160,2.0,320,0.5,80,6000,False,True,False,full_final,0.9,0.5268945944309235,0.7421990501880645,0.9345106959342957,0.5422997856140137
B,0,repo_uniform_t,160,2.0,320,1.0,160,6000,False,True,False,full_final,0.1,0.03020983155816793,0.9945902454853058,1.2753665924072266,0.6485710060596466
B,0,repo_uniform_t,160,2.0,320,1.0,160,6000,False,True,False,full_final,0.3,0.11053413495421412,0.9589181244373322,1.195600025653839,0.6344346225261688
B,0,repo_uniform_t,160,2.0,320,1.0,160,6000,False,True,False,full_final,0.5,0.24117811411619186,0.8981955933570862,1.1033072423934938,0.6168768835067749
B,0,repo_uniform_t,160,2.0,320,1.0,160,6000,False,True,False,full_final,0.7,0.4123311847448349,0.8135580515861511,0.9881008780002594,0.5932168853282929
B,0,repo_uniform_t,160,2.0,320,1.0,160,6000,False,True,False,full_final,0.9,0.6060094809532166,0.6829244887828827,0.8235287976264953,0.5553096783161163
B,0,repo_uniform_t,160,2.0,320,2.0,320,6000,False,True,False,full_final,0.1,0.13905905485153197,0.9514627027511595,0.8675107431411743,0.6900418603420257
B,0,repo_uniform_t,160,2.0,320,2.0,320,6000,False,True,False,full_final,0.3,0.2520205354690552,0.8927468860149383,0.8606059443950653,0.6701212024688721
B,0,repo_uniform_t,160,2.0,320,2.0,320,6000,False,True,False,full_final,0.5,0.379817311167717,0.8279715347290038,0.8436779832839966,0.6462651753425598
B,0,repo_uniform_t,160,2.0,320,2.0,320,6000,False,True,False,full_final,0.7,0.5139716339111328,0.7519504535198211,0.8114228308200836,0.6153699922561645
B,0,repo_uniform_t,160,2.0,320,2.0,320,6000,False,True,False,full_final,0.9,0.6426220548152923,0.6443880200386047,0.7494969308376312,0.5675247585773469
B,0,repo_uniform_t,160,2.0,320,5.0,800,6000,False,True,False,full_final,0.1,0.3122262799739838,0.8640636909008026,0.5982954108715057,0.7337393712997436
B,0,repo_uniform_t,160,2.0,320,5.0,800,6000,False,True,False,full_final,0.3,0.39795014083385466,0.817178132534027,0.6308065664768219,0.7084420311450959
B,0,repo_uniform_t,160,2.0,320,5.0,800,6000,False,True,False,full_final,0.5,0.4838284915685654,0.7664736819267273,0.6588075232505798,0.6782830631732941
B,0,repo_uniform_t,160,2.0,320,5.0,800,6000,False,True,False,full_final,0.7,0.5708382070064545,0.7062205731868744,0.681489999294281,0.6399381899833679
B,0,repo_uniform_t,160,2.0,320,5.0,800,6000,False,True,False,full_final,0.9,0.6548597538471221,0.6189474129676819,0.6937942099571228,0.5819885230064392
B,0,repo_uniform_t,160,2.0,320,10.0,1600,6000,False,True,False,full_final,0.1,0.39531436276435855,0.8196349982738496,0.5343489718437194,0.7515041184425354
B,0,repo_uniform_t,160,2.0,320,10.0,1600,6000,False,True,False,full_final,0.3,0.4606078065872192,0.7818327364921569,0.5738739657402039,0.7240972566604614
B,0,repo_uniform_t,160,2.0,320,10.0,1600,6000,False,True,False,full_final,0.5,0.5266098446846008,0.7395110649585724,0.6116958236694336,0.6921125030517579
B,0,repo_uniform_t,160,2.0,320,10.0,1600,6000,False,True,False,full_final,0.7,0.5944392413139343,0.6866571115493776,0.6477175617218017,0.6510489082336426
B,0,repo_uniform_t,160,2.0,320,10.0,1600,6000,False,True,False,full_final,0.9,0.6613213607311249,0.6085691692829132,0.6798771500587464,0.5887102794647217
B,0,repo_uniform_t,160,2.0,320,20.0,3200,6000,False,True,False,full_final,0.1,0.42372496533393866,0.8020128238677978,0.4911974930763245,0.7655451893806458
B,0,repo_uniform_t,160,2.0,320,20.0,3200,6000,False,True,False,full_final,0.3,0.48047486007213586,0.7678206254005431,0.5337462401390076,0.7374750661849976
B,0,repo_uniform_t,160,2.0,320,20.0,3200,6000,False,True,False,full_final,0.5,0.539094729757309,0.7283431248188019,0.5794305908679962,0.7035533738136291
B,0,repo_uniform_t,160,2.0,320,20.0,3200,6000,False,True,False,full_final,0.7,0.5995604300498962,0.6790619275093077,0.6248437321186066,0.6602633559703827
B,0,repo_uniform_t,160,2.0,320,20.0,3200,6000,False,True,False,full_final,0.9,0.6616349457740783,0.6047264399051666,0.6706209075450897,0.5941969323158264
B,0,repo_uniform_t,160,2.0,320,50.0,8000,6000,False,True,False,full_final,0.1,0.4410440173768998,0.7900659587669372,0.46618384778499605,0.7754621863365173
B,0,repo_uniform_t,160,2.0,320,50.0,8000,6000,False,True,False,full_final,0.3,0.4930565113401413,0.758127504787445,0.5140132403373718,0.7453110122680664
B,0,repo_uniform_t,160,2.0,320,50.0,8000,6000,False,True,False,full_final,0.5,0.546763122549057,0.7210372539520266,0.5623116433620453,0.7107178628444671
B,0,repo_uniform_t,160,2.0,320,50.0,8000,6000,False,True,False,full_final,0.7,0.6030619059467316,0.6739714348411558,0.6126548027992249,0.6664915442466736
B,0,repo_uniform_t,160,2.0,320,50.0,8000,6000,False,True,False,full_final,0.9,0.6624123238563537,0.6020989748954774,0.6657069146633148,0.5977378153800964
B,1,repo_uniform_t,40,2.0,80,0.5,20,1500,False,True,False,full_final,0.1,0.005788506204262376,0.9998936164379121,1.3959997248649598,0.6133722925186157
B,1,repo_uniform_t,40,2.0,80,0.5,20,1500,False,True,False,full_final,0.3,0.03454075701534748,0.9931897962093353,1.2684944438934327,0.6042185258865357
B,1,repo_uniform_t,40,2.0,80,0.5,20,1500,False,True,False,full_final,0.5,0.10616412118077279,0.9652224838733673,1.13930269241333,0.5905612289905549
B,1,repo_uniform_t,40,2.0,80,0.5,20,1500,False,True,False,full_final,0.7,0.257224802672863,0.8933303678035734,0.9890161681175232,0.5740366077423096
B,1,repo_uniform_t,40,2.0,80,0.5,20,1500,False,True,False,full_final,0.9,0.514562981724739,0.7410143864154816,0.8109548890590668,0.5439125764369964
B,1,repo_uniform_t,40,2.0,80,1.0,40,1500,False,True,False,full_final,0.1,0.04427630938589573,0.9924025273323058,1.0684547877311708,0.6582605421543122
B,1,repo_uniform_t,40,2.0,80,1.0,40,1500,False,True,False,full_final,0.3,0.1257707443833351,0.9564490902423859,1.0130838704109193,0.6430138087272644
B,1,repo_uniform_t,40,2.0,80,1.0,40,1500,False,True,False,full_final,0.5,0.24529135942459107,0.8971186101436615,0.9524519526958466,0.6245819556713105
B,1,repo_uniform_t,40,2.0,80,1.0,40,1500,False,True,False,full_final,0.7,0.40340175092220304,0.8122752654552461,0.8760140991210937,0.599611656665802
B,1,repo_uniform_t,40,2.0,80,1.0,40,1500,False,True,False,full_final,0.9,0.5920747029781341,0.6804142463207244,0.7713012063503265,0.5584543430805207
B,1,repo_uniform_t,40,2.0,80,2.0,80,1500,False,True,False,full_final,0.1,0.14798012286424636,0.9507459366321565,0.802038848400116,0.6915371215343475
B,1,repo_uniform_t,40,2.0,80,2.0,80,1500,False,True,False,full_final,0.3,0.25437418222427366,0.8919882166385651,0.7996011018753052,0.6715668320655823
B,1,repo_uniform_t,40,2.0,80,2.0,80,1500,False,True,False,full_final,0.5,0.3724387723207474,0.8294867384433747,0.7904384827613831,0.6473207986354828
B,1,repo_uniform_t,40,2.0,80,2.0,80,1500,False,True,False,full_final,0.7,0.5022530752420425,0.7535654509067535,0.7705797243118286,0.6160507655143738
B,1,repo_uniform_t,40,2.0,80,2.0,80,1500,False,True,False,full_final,0.9,0.6329493355751038,0.643144428730011,0.7295751357078553,0.5675515329837799
B,1,repo_uniform_t,40,2.0,80,5.0,200,1500,False,True,False,full_final,0.1,0.3032816880941391,0.8685468161106109,0.572676134109497,0.736693012714386
B,1,repo_uniform_t,40,2.0,80,5.0,200,1500,False,True,False,full_final,0.3,0.38406671702861783,0.8224057817459106,0.6043980920314789,0.7122301578521728
B,1,repo_uniform_t,40,2.0,80,5.0,200,1500,False,True,False,full_final,0.5,0.4740445536375046,0.7704610645771026,0.6358231937885285,0.6813051354885101
B,1,repo_uniform_t,40,2.0,80,5.0,200,1500,False,True,False,full_final,0.7,0.5611798226833343,0.7084475409984589,0.6642871987819672,0.6426156187057495
B,1,repo_uniform_t,40,2.0,80,5.0,200,1500,False,True,False,full_final,0.9,0.6508667886257171,0.619102600812912,0.6870434701442718,0.5826223754882812
B,1,repo_uniform_t,40,2.0,80,10.0,400,1500,False,True,False,full_final,0.1,0.3648423743247986,0.8330656063556671,0.4972004419565201,0.7610626721382141
B,1,repo_uniform_t,40,2.0,80,10.0,400,1500,False,True,False,full_final,0.3,0.4349972414970398,0.7927802908420563,0.5427663516998291,0.7319830644130707
B,1,repo_uniform_t,40,2.0,80,10.0,400,1500,False,True,False,full_final,0.5,0.506232681274414,0.7475012624263764,0.5872772037982941,0.6983365583419799
B,1,repo_uniform_t,40,2.0,80,10.0,400,1500,False,True,False,full_final,0.7,0.5800596451759339,0.6925786888599396,0.6312134575843811,0.6552208709716797
B,1,repo_uniform_t,40,2.0,80,10.0,400,1500,False,True,False,full_final,0.9,0.6556549465656281,0.6108225238323212,0.6732274258136749,0.5904870545864105
B,1,repo_uniform_t,40,2.0,80,20.0,800,1500,False,True,False,full_final,0.1,0.3954365265369415,0.8148490214347839,0.46556190311908724,0.7739198875427246
B,1,repo_uniform_t,40,2.0,80,20.0,800,1500,False,True,False,full_final,0.3,0.45763332724571226,0.7786435127258301,0.513768948316574,0.7440599656105041
B,1,repo_uniform_t,40,2.0,80,20.0,800,1500,False,True,False,full_final,0.5,0.5207753276824951,0.7376340758800507,0.5646076142787934,0.7087702941894531
B,1,repo_uniform_t,40,2.0,80,20.0,800,1500,False,True,False,full_final,0.7,0.5874200224876404,0.6854662585258484,0.6138495182991028,0.6642723703384399
B,1,repo_uniform_t,40,2.0,80,20.0,800,1500,False,True,False,full_final,0.9,0.657268682718277,0.6069568872451783,0.6665943837165833,0.5955005371570588
B,1,repo_uniform_t,40,2.0,80,50.0,2000,1500,False,True,False,full_final,0.1,0.4154575472402573,0.8031194872570038,0.4479524087905884,0.7827470207214355
B,1,repo_uniform_t,40,2.0,80,50.0,2000,1500,False,True,False,full_final,0.3,0.4733027011013031,0.7685297263717651,0.49886259317398074,0.7518353760242462
B,1,repo_uniform_t,40,2.0,80,50.0,2000,1500,False,True,False,full_final,0.5,0.5310966888523102,0.7296280823326111,0.5508140683174133,0.7152464771270752
B,1,repo_uniform_t,40,2.0,80,50.0,2000,1500,False,True,False,full_final,0.7,0.5931844595909118,0.6798597320842743,0.6050934541225433,0.6692779862880707
B,1,repo_uniform_t,40,2.0,80,50.0,2000,1500,False,True,False,full_final,0.9,0.6585935496520996,0.6047960045337677,0.6632887351512909,0.5984326076507568
C,1,repo_uniform_t,80,1.0,80,1.0,80,1500,False,True,False,full_final,0.1,0.17723243802785874,0.9393529677391053,1.0093515598773957,0.6154068541526795
C,1,repo_uniform_t,80,1.0,80,1.0,80,1500,False,True,False,full_final,0.3,0.2909277790784836,0.8750579953193665,0.9656634151935577,0.6026403450965881
C,1,repo_uniform_t,80,1.0,80,1.0,80,1500,False,True,False,full_final,0.5,0.4080073684453964,0.8097599422931673,0.91327028632164,0.5879097020626068
C,1,repo_uniform_t,80,1.0,80,1.0,80,1500,False,True,False,full_final,0.7,0.5329277217388153,0.7332361912727356,0.8480005180835724,0.5685901367664337
C,1,repo_uniform_t,80,1.0,80,1.0,80,1500,False,True,False,full_final,0.9,0.6455827188491822,0.6310974800586701,0.7566572713851929,0.5395071506500244
C,1,repo_uniform_t,80,1.0,80,2.0,160,1500,False,True,False,full_final,0.1,0.33672334790229796,0.8535543704032896,0.783160400390625,0.6432322657108307
C,1,repo_uniform_t,80,1.0,80,2.0,160,1500,False,True,False,full_final,0.3,0.42055874943733224,0.8020879423618317,0.7812517356872558,0.6264263892173767
C,1,repo_uniform_t,80,1.0,80,2.0,160,1500,False,True,False,full_final,0.5,0.5084112477302551,0.7471657013893127,0.7678257167339325,0.6074055087566376
C,1,repo_uniform_t,80,1.0,80,2.0,160,1500,False,True,False,full_final,0.7,0.5862775146961212,0.6893887686729431,0.7491845762729645,0.582823246717453
C,1,repo_uniform_t,80,1.0,80,2.0,160,1500,False,True,False,full_final,0.9,0.6610421025753022,0.6057720482349396,0.7161996877193451,0.5482366824150086
C,1,repo_uniform_t,80,1.0,80,5.0,400,1500,False,True,False,full_final,0.1,0.45376518785953524,0.7840688908100129,0.6184667801856994,0.6841609096527099
C,1,repo_uniform_t,80,1.0,80,5.0,400,1500,False,True,False,full_final,0.3,0.5079314994812012,0.7477225196361542,0.639975209236145,0.6634909427165985
C,1,repo_uniform_t,80,1.0,80,5.0,400,1500,False,True,False,full_final,0.5,0.5636041975021362,0.7064286541938781,0.6594462931156159,0.6380325031280517
C,1,repo_uniform_t,80,1.0,80,5.0,400,1500,False,True,False,full_final,0.7,0.6166134631633758,0.6585002195835113,0.6757387673854828,0.6068976783752441
C,1,repo_uniform_t,80,1.0,80,5.0,400,1500,False,True,False,full_final,0.9,0.6686346209049225,0.5894954538345337,0.6889230465888977,0.5611848258972167
C,1,repo_uniform_t,80,1.0,80,10.0,800,1500,False,True,False,full_final,0.1,0.5009317374229432,0.7509358322620392,0.5783293056488037,0.6997552990913392
C,1,repo_uniform_t,80,1.0,80,10.0,800,1500,False,True,False,full_final,0.3,0.5438129281997681,0.7205877864360809,0.606222048997879,0.6767018508911132
C,1,repo_uniform_t,80,1.0,80,10.0,800,1500,False,True,False,full_final,0.5,0.5855281376838684,0.6862123334407806,0.6319477605819702,0.6502511763572693
C,1,repo_uniform_t,80,1.0,80,10.0,800,1500,False,True,False,full_final,0.7,0.6297176444530487,0.6439977884292603,0.6570468497276306,0.6165651273727417
C,1,repo_uniform_t,80,1.0,80,10.0,800,1500,False,True,False,full_final,0.9,0.671987978219986,0.5822384440898896,0.6818035447597504,0.5668112516403199
C,1,repo_uniform_t,80,1.0,80,20.0,1600,1500,False,True,False,full_final,0.1,0.524868645477295,0.7336305696964264,0.5624264109134675,0.708340756893158
C,1,repo_uniform_t,80,1.0,80,20.0,1600,1500,False,True,False,full_final,0.3,0.5621970091819763,0.7069258297920227,0.5911231303215027,0.6844626843929291
C,1,repo_uniform_t,80,1.0,80,20.0,1600,1500,False,True,False,full_final,0.5,0.598921039390564,0.6748568274974823,0.6204328835010529,0.6564291751384735
C,1,repo_uniform_t,80,1.0,80,20.0,1600,1500,False,True,False,full_final,0.7,0.6369003874778747,0.6349407341003418,0.6501569485664368,0.6215334343910217
C,1,repo_uniform_t,80,1.0,80,20.0,1600,1500,False,True,False,full_final,0.9,0.6746149899959564,0.5773199704170228,0.6788460946083069,0.5699840402603149
C,1,repo_uniform_t,80,1.0,80,50.0,4000,1500,False,True,False,full_final,0.1,0.5312338189983367,0.7286992577171326,0.5474715030193329,0.7167223179340363
C,1,repo_uniform_t,80,1.0,80,50.0,4000,1500,False,True,False,full_final,0.3,0.5671734550666808,0.7018196613693237,0.57769975066185,0.6919238972663879
C,1,repo_uniform_t,80,1.0,80,50.0,4000,1500,False,True,False,full_final,0.5,0.6027583158111572,0.6705464077568054,0.6113184511661529,0.6628650641441345
C,1,repo_uniform_t,80,1.0,80,50.0,4000,1500,False,True,False,full_final,0.7,0.6389990422058105,0.6321599110889434,0.6440468358993531,0.6265630614757538
C,1,repo_uniform_t,80,1.0,80,50.0,4000,1500,False,True,False,full_final,0.9,0.6749484534263611,0.575756638917923,0.6768021440505981,0.572680606842041
A+B,1,repo_uniform_t,80,2.0,160,0.5,40,3000,False,True,False,full_final,0.1,0.001790322063025087,0.9999076902866364,1.789547052383423,0.6129357028007507
A+B,1,repo_uniform_t,80,2.0,160,0.5,40,3000,False,True,False,full_final,0.3,0.021217708420008422,0.9943247079849243,1.608241617679596,0.6025813722610474
A+B,1,repo_uniform_t,80,2.0,160,0.5,40,3000,False,True,False,full_final,0.5,0.09511595442891121,0.9635891664028169,1.4123701500892638,0.5899328374862671
A+B,1,repo_uniform_t,80,2.0,160,0.5,40,3000,False,True,False,full_final,0.7,0.25266991078853607,0.8928865694999695,1.190772693157196,0.5724538946151734
A+B,1,repo_uniform_t,80,2.0,160,0.5,40,3000,False,True,False,full_final,0.9,0.5158964306116104,0.7452713692188263,0.9053170764446259,0.5436939740180969
A+B+C,1,repo_uniform_t,80,2.0,160,1.0,80,3000,False,True,False,full_final,0.1,0.030853356458246706,0.9948232877254487,1.2546838235855102,0.6468766975402832
A+B+C,1,repo_uniform_t,80,2.0,160,1.0,80,3000,False,True,False,full_final,0.3,0.1105122797191143,0.9591534340381622,1.1756366729736327,0.633683408498764
A+B+C,1,repo_uniform_t,80,2.0,160,1.0,80,3000,False,True,False,full_final,0.5,0.23994535237550735,0.8986368799209593,1.0849198246002196,0.6159993946552277
A+B+C,1,repo_uniform_t,80,2.0,160,1.0,80,3000,False,True,False,full_final,0.7,0.40959045588970183,0.8135881400108339,0.9725250101089478,0.592748349905014
A+B+C,1,repo_uniform_t,80,2.0,160,1.0,80,3000,False,True,False,full_final,0.9,0.6040036761760712,0.6814397025108337,0.8154665124416351,0.5548594760894775
A+B+C,1,repo_uniform_t,80,2.0,160,2.0,160,3000,False,True,False,full_final,0.1,0.13941486537456513,0.952054158449173,0.8487876737117768,0.6920487904548644
A+B+C,1,repo_uniform_t,80,2.0,160,2.0,160,3000,False,True,False,full_final,0.3,0.2510866641998291,0.8932489061355591,0.8427819085121154,0.6723454511165619
A+B+C,1,repo_uniform_t,80,2.0,160,2.0,160,3000,False,True,False,full_final,0.5,0.37611129879951477,0.8287337613105773,0.8288678860664368,0.6480299174785614
A+B+C,1,repo_uniform_t,80,2.0,160,2.0,160,3000,False,True,False,full_final,0.7,0.5112459278106689,0.7514464676380157,0.7999147522449493,0.6169949769973755
A+B+C,1,repo_uniform_t,80,2.0,160,2.0,160,3000,False,True,False,full_final,0.9,0.641048709154129,0.6432473838329316,0.7445027422904968,0.568170714378357
A+B+C,1,repo_uniform_t,80,2.0,160,5.0,400,3000,False,True,False,full_final,0.1,0.30214362204074857,0.869657757282257,0.580410258769989,0.7362683999538422
A+B+C,1,repo_uniform_t,80,2.0,160,5.0,400,3000,False,True,False,full_final,0.3,0.38595061779022216,0.8226950073242187,0.6148999989032745,0.7113977491855621
A+B+C,1,repo_uniform_t,80,2.0,160,5.0,400,3000,False,True,False,full_final,0.5,0.4757877963781357,0.7698458015918732,0.6451229667663574,0.680810557603836
A+B+C,1,repo_uniform_t,80,2.0,160,5.0,400,3000,False,True,False,full_final,0.7,0.5644341671466827,0.7084130990505219,0.6705934286117554,0.6425028049945831
A+B+C,1,repo_uniform_t,80,2.0,160,5.0,400,3000,False,True,False,full_final,0.9,0.6522713541984558,0.6195318245887756,0.6895140254497528,0.5830490672588349
A+B+C,1,repo_uniform_t,80,2.0,160,10.0,800,3000,False,True,False,full_final,0.1,0.37199472427368163,0.8306045019626618,0.5061335653066635,0.7581435358524322
A+B+C,1,repo_uniform_t,80,2.0,160,10.0,800,3000,False,True,False,full_final,0.3,0.43892970323562625,0.7911377561092376,0.5469080376625061,0.7314915072917938
A+B+C,1,repo_uniform_t,80,2.0,160,10.0,800,3000,False,True,False,full_final,0.5,0.5092463397979736,0.7467689085006713,0.5903792572021485,0.6977744853496551
A+B+C,1,repo_uniform_t,80,2.0,160,10.0,800,3000,False,True,False,full_final,0.7,0.5814118695259094,0.6923916685581207,0.632200311422348,0.6559510052204132
A+B+C,1,repo_uniform_t,80,2.0,160,10.0,800,3000,False,True,False,full_final,0.9,0.656066757440567,0.6111774277687073,0.6739459335803986,0.591085330247879
A+B+C,1,repo_uniform_t,80,2.0,160,20.0,1600,3000,False,True,False,full_final,0.1,0.4085645127773285,0.8081448296070098,0.4734910947084427,0.7716142010688781
A+B+C,1,repo_uniform_t,80,2.0,160,20.0,1600,3000,False,True,False,full_final,0.3,0.4678540459871292,0.7732412620067596,0.5211546230316162,0.7419998741149902
A+B+C,1,repo_uniform_t,80,2.0,160,20.0,1600,3000,False,True,False,full_final,0.5,0.5287236727714538,0.7328715119361878,0.568899050951004,0.7074878251552582
A+B+C,1,repo_uniform_t,80,2.0,160,20.0,1600,3000,False,True,False,full_final,0.7,0.5922328210830688,0.6824575368881226,0.6171307229995727,0.6636673653125763
A+B+C,1,repo_uniform_t,80,2.0,160,20.0,1600,3000,False,True,False,full_final,0.9,0.6588351202011108,0.6064705076217651,0.667876273393631,0.5957287526130677
A+B+C,1,repo_uniform_t,80,2.0,160,50.0,4000,3000,False,True,False,full_final,0.1,0.42620040772438045,0.7970679804992676,0.45218680322170257,0.7818154466152191
A+B+C,1,repo_uniform_t,80,2.0,160,50.0,4000,3000,False,True,False,full_final,0.3,0.4799397038793563,0.7644421414184569,0.501082433462143,0.7510688471794128
A+B+C,1,repo_uniform_t,80,2.0,160,50.0,4000,3000,False,True,False,full_final,0.5,0.5368589493465424,0.7260716310024261,0.5520500445365906,0.7154235935211182
A+B+C,1,repo_uniform_t,80,2.0,160,50.0,4000,3000,False,True,False,full_final,0.7,0.5963902299499512,0.6776702383613586,0.6056770265102387,0.669952574968338
A+B+C,1,repo_uniform_t,80,2.0,160,50.0,4000,3000,False,True,False,full_final,0.9,0.6597594055843353,0.6040702789592743,0.6630461156368256,0.5996912574768066
A,1,repo_uniform_t,80,2.0,160,100.0,8000,3000,False,True,False,full_final,0.1,0.4306573547315598,0.7935711216831207,0.44306379854679107,0.7855234026908875
A,1,repo_uniform_t,80,2.0,160,100.0,8000,3000,False,True,False,full_final,0.3,0.4837786910772323,0.7615450308895111,0.4949837881326675,0.7541977512836456
A,1,repo_uniform_t,80,2.0,160,100.0,8000,3000,False,True,False,full_final,0.5,0.5391199977302551,0.7239308629989625,0.5471590638160706,0.7182082998752594
A,1,repo_uniform_t,80,2.0,160,100.0,8000,3000,False,True,False,full_final,0.7,0.597243588180542,0.6763937298107149,0.602856365442276,0.6719437074661255
A,1,repo_uniform_t,80,2.0,160,100.0,8000,3000,False,True,False,full_final,0.9,0.659945481004715,0.6034024411201477,0.6619155836105347,0.600806542634964
C,1,repo_uniform_t,80,4.0,320,1.0,80,6000,False,True,False,full_final,0.1,0.001275174031034112,0.9999365448951721,1.5522912907600404,0.683637444972992
C,1,repo_uniform_t,80,4.0,320,1.0,80,6000,False,True,False,full_final,0.3,0.0192689972743392,0.9942249596118927,1.4104060196876527,0.6702885472774506
C,1,repo_uniform_t,80,4.0,320,1.0,80,6000,False,True,False,full_final,0.5,0.08555615797638894,0.9671284234523775,1.2577445912361145,0.6527720499038696
C,1,repo_uniform_t,80,4.0,320,1.0,80,6000,False,True,False,full_final,0.7,0.23727242410182953,0.9007440400123595,1.087220675945282,0.6266196227073669
C,1,repo_uniform_t,80,4.0,320,1.0,80,6000,False,True,False,full_final,0.9,0.5102956902980804,0.7529118287563324,0.8676342213153839,0.5789676451683045
C,1,repo_uniform_t,80,4.0,320,2.0,160,6000,False,True,False,full_final,0.1,0.022258872538805007,0.9956013524532319,0.9421878099441529,0.7352793800830841
C,1,repo_uniform_t,80,4.0,320,2.0,160,6000,False,True,False,full_final,0.3,0.08833251312375069,0.9670397078990935,0.9167325365543365,0.7162296807765961
C,1,repo_uniform_t,80,4.0,320,2.0,160,6000,False,True,False,full_final,0.5,0.20444805204868316,0.9152331662178039,0.8831050550937652,0.6915253579616547
C,1,repo_uniform_t,80,4.0,320,2.0,160,6000,False,True,False,full_final,0.7,0.37107830107212064,0.8350434911251068,0.8384995841979981,0.65653186917305
C,1,repo_uniform_t,80,4.0,320,2.0,160,6000,False,True,False,full_final,0.9,0.5810356080532074,0.7014090156555176,0.7649324584007263,0.5957399225234985
C,1,repo_uniform_t,80,4.0,320,5.0,400,6000,False,True,False,full_final,0.1,0.12356273412704467,0.9548948669433593,0.5506902575492859,0.7891434109210969
C,1,repo_uniform_t,80,4.0,320,5.0,400,6000,False,True,False,full_final,0.3,0.22177061915397644,0.906200556755066,0.5881551563739776,0.7636493360996246
C,1,repo_uniform_t,80,4.0,320,5.0,400,6000,False,True,False,full_final,0.5,0.33944531917572024,0.8485256016254425,0.6261016321182251,0.7313606679439545
C,1,repo_uniform_t,80,4.0,320,5.0,400,6000,False,True,False,full_final,0.7,0.47302048206329345,0.7756366193294525,0.6615910971164704,0.6869663000106812
C,1,repo_uniform_t,80,4.0,320,5.0,400,6000,False,True,False,full_final,0.9,0.6188893187046051,0.6633603346347808,0.6889225697517395,0.6135162663459778
C,1,repo_uniform_t,80,4.0,320,10.0,800,6000,False,True,False,full_final,0.1,0.21537969917058944,0.9101635181903839,0.4343621063232422,0.8145295107364654
C,1,repo_uniform_t,80,4.0,320,10.0,800,6000,False,True,False,full_final,0.3,0.30261443197727206,0.8663751554489135,0.4852400881052017,0.7863206505775452
C,1,repo_uniform_t,80,4.0,320,10.0,800,6000,False,True,False,full_final,0.5,0.3982559376955032,0.8162352156639099,0.5390266740322113,0.7511432254314423
C,1,repo_uniform_t,80,4.0,320,10.0,800,6000,False,True,False,full_final,0.7,0.506022161245346,0.7521601366996765,0.5965422821044922,0.703510171175003
C,1,repo_uniform_t,80,4.0,320,10.0,800,6000,False,True,False,full_final,0.9,0.6264285004138946,0.651159657239914,0.659800021648407,0.6235214066505432
C,1,repo_uniform_t,80,4.0,320,20.0,1600,6000,False,True,False,full_final,0.1,0.27802079679965974,0.87798458237648,0.3890965700149536,0.8271454119682312
C,1,repo_uniform_t,80,4.0,320,20.0,1600,6000,False,True,False,full_final,0.3,0.3518398592710495,0.8407910257816315,0.444335578083992,0.7979794514179229
C,1,repo_uniform_t,80,4.0,320,20.0,1600,6000,False,True,False,full_final,0.5,0.43306817007064824,0.7966169840812682,0.5033235621452331,0.7620303440093994
C,1,repo_uniform_t,80,4.0,320,20.0,1600,6000,False,True,False,full_final,0.7,0.5251030390262603,0.7384784866809845,0.5696256124973297,0.7126950335502624
C,1,repo_uniform_t,80,4.0,320,20.0,1600,6000,False,True,False,full_final,0.9,0.6312578065872192,0.644628888463974,0.6471948587894439,0.6303527188301087
C,1,repo_uniform_t,80,4.0,320,50.0,4000,6000,False,True,False,full_final,0.1,0.3093640813446045,0.8609126847553252,0.35232873558998107,0.8396978282928467
C,1,repo_uniform_t,80,4.0,320,50.0,4000,6000,False,True,False,full_final,0.3,0.37334398569583893,0.8277246660709382,0.40909861981868745,0.8097091794013977
C,1,repo_uniform_t,80,4.0,320,50.0,4000,6000,False,True,False,full_final,0.5,0.44470905216217044,0.7876983826828002,0.4718711215257645,0.7730208933353424
C,1,repo_uniform_t,80,4.0,320,50.0,4000,6000,False,True,False,full_final,0.7,0.5274545105457304,0.7338463973712921,0.5447367072105408,0.7228109669685364
C,1,repo_uniform_t,80,4.0,320,50.0,4000,6000,False,True,False,full_final,0.9,0.6299491572666168,0.6431859431934356,0.6364238584041595,0.6368140316009522
B,1,repo_uniform_t,160,2.0,320,0.5,80,6000,False,True,False,full_final,0.1,0.0014943135564681144,0.9999292075634003,1.8697299361228943,0.611165577173233
B,1,repo_uniform_t,160,2.0,320,0.5,80,6000,False,True,False,full_final,0.3,0.02128428649157286,0.9936896920204162,1.6842681026458741,0.6017531251907349
B,1,repo_uniform_t,160,2.0,320,0.5,80,6000,False,True,False,full_final,0.5,0.09717549785971641,0.9627504861354828,1.477054433822632,0.5895431816577912
B,1,repo_uniform_t,160,2.0,320,0.5,80,6000,False,True,False,full_final,0.7,0.2614306798577309,0.8896847712993623,1.240274429321289,0.5722974407672882
B,1,repo_uniform_t,160,2.0,320,0.5,80,6000,False,True,False,full_final,0.9,0.529356849193573,0.7409629058837891,0.9307049918174743,0.5437065041065217
B,1,repo_uniform_t,160,2.0,320,1.0,160,6000,False,True,False,full_final,0.1,0.029900822266936307,0.9942752790451049,1.2756944227218627,0.6484788966178894
B,1,repo_uniform_t,160,2.0,320,1.0,160,6000,False,True,False,full_final,0.3,0.1096759806573391,0.9592548990249634,1.1940811562538147,0.6349432814121246
B,1,repo_uniform_t,160,2.0,320,1.0,160,6000,False,True,False,full_final,0.5,0.23882528364658356,0.8991110062599181,1.1023219084739686,0.6174262094497681
B,1,repo_uniform_t,160,2.0,320,1.0,160,6000,False,True,False,full_final,0.7,0.4116467356681824,0.8138607239723206,0.987333880662918,0.593624175786972
B,1,repo_uniform_t,160,2.0,320,1.0,160,6000,False,True,False,full_final,0.9,0.6062644708156586,0.6829663622379303,0.8229465842247009,0.5557964789867401
B,1,repo_uniform_t,160,2.0,320,2.0,320,6000,False,True,False,full_final,0.1,0.13568998098373414,0.952625937461853,0.8656893861293793,0.6907057273387909
B,1,repo_uniform_t,160,2.0,320,2.0,320,6000,False,True,False,full_final,0.3,0.2485976818203926,0.8941157722473145,0.8571163094043732,0.6707160723209381
B,1,repo_uniform_t,160,2.0,320,2.0,320,6000,False,True,False,full_final,0.5,0.37632371723651886,0.8294992089271546,0.8404837453365326,0.64687957406044
B,1,repo_uniform_t,160,2.0,320,2.0,320,6000,False,True,False,full_final,0.7,0.5118885672092438,0.7528505885601043,0.8098636794090271,0.6156949460506439
B,1,repo_uniform_t,160,2.0,320,2.0,320,6000,False,True,False,full_final,0.9,0.6413239133358002,0.6450065052509308,0.7484564876556397,0.5680451130867005
B,1,repo_uniform_t,160,2.0,320,5.0,800,6000,False,True,False,full_final,0.1,0.309987935423851,0.8653807544708252,0.5987996673583984,0.7333396673202515
B,1,repo_uniform_t,160,2.0,320,5.0,800,6000,False,True,False,full_final,0.3,0.39537775695323946,0.8184882986545563,0.6294419038295745,0.7086871111392975
B,1,repo_uniform_t,160,2.0,320,5.0,800,6000,False,True,False,full_final,0.5,0.48241758048534394,0.7676959526538849,0.6582277500629425,0.678553272485733
B,1,repo_uniform_t,160,2.0,320,5.0,800,6000,False,True,False,full_final,0.7,0.5703169691562653,0.7066583812236786,0.6806355845928193,0.640317645072937
B,1,repo_uniform_t,160,2.0,320,5.0,800,6000,False,True,False,full_final,0.9,0.6545993626117707,0.6194213557243348,0.6938396072387696,0.5822073709964752
B,1,repo_uniform_t,160,2.0,320,10.0,1600,6000,False,True,False,full_final,0.1,0.3917062662601471,0.8211317337989807,0.533088847398758,0.7511206114292145
B,1,repo_uniform_t,160,2.0,320,10.0,1600,6000,False,True,False,full_final,0.3,0.4575584789991379,0.7829338750839233,0.5712073791027069,0.7251108467578888
B,1,repo_uniform_t,160,2.0,320,10.0,1600,6000,False,True,False,full_final,0.5,0.525399427652359,0.7398222321987151,0.6101702570915222,0.6925732052326202
B,1,repo_uniform_t,160,2.0,320,10.0,1600,6000,False,True,False,full_final,0.7,0.5937886641979218,0.6867880513668061,0.6472003853321076,0.6512917685508728
B,1,repo_uniform_t,160,2.0,320,10.0,1600,6000,False,True,False,full_final,0.9,0.6613004460811616,0.608346883392334,0.6797791910171509,0.5888524162769317
B,1,repo_uniform_t,160,2.0,320,20.0,3200,6000,False,True,False,full_final,0.1,0.42475339593887335,0.8011348881244659,0.490603888630867,0.7657889521121979
B,1,repo_uniform_t,160,2.0,320,20.0,3200,6000,False,True,False,full_final,0.3,0.4817074166297913,0.7671817295074463,0.5340773665904999,0.7373677802085876
B,1,repo_uniform_t,160,2.0,320,20.0,3200,6000,False,True,False,full_final,0.5,0.5397879598140717,0.7278575525283812,0.5799729454517365,0.7035462093353272
B,1,repo_uniform_t,160,2.0,320,20.0,3200,6000,False,True,False,full_final,0.7,0.6003211920738221,0.6784606566429138,0.6252312695980072,0.6601838910579682
B,1,repo_uniform_t,160,2.0,320,20.0,3200,6000,False,True,False,full_final,0.9,0.6621198320388796,0.6042979230880737,0.6709966886043549,0.5938538455963135
B,1,repo_uniform_t,160,2.0,320,50.0,8000,6000,False,True,False,full_final,0.1,0.4404913575077057,0.7902818277931214,0.46559239804744723,0.7752885389328003
B,1,repo_uniform_t,160,2.0,320,50.0,8000,6000,False,True,False,full_final,0.3,0.49266930488109584,0.7583742302799226,0.5130918598175049,0.7460571336746216
B,1,repo_uniform_t,160,2.0,320,50.0,8000,6000,False,True,False,full_final,0.5,0.5466493419361115,0.7211700158119202,0.561832983493805,0.7110698652267456
B,1,repo_uniform_t,160,2.0,320,50.0,8000,6000,False,True,False,full_final,0.7,0.6031646890449524,0.6739114967155456,0.6128514790534973,0.6661766993999482
B,1,repo_uniform_t,160,2.0,320,50.0,8000,6000,False,True,False,full_final,0.9,0.6624536550807953,0.6019866011524201,0.6658195126056671,0.5976665592193604
B,2,repo_uniform_t,40,2.0,80,0.5,20,1500,False,True,False,full_final,0.1,0.005113987689837813,1.0,1.4496480560302734,0.6116499924659728
B,2,repo_uniform_t,40,2.0,80,0.5,20,1500,False,True,False,full_final,0.3,0.0295450559258461,0.993797072172165,1.3171348690986633,0.6017779433727264
B,2,repo_uniform_t,40,2.0,80,0.5,20,1500,False,True,False,full_final,0.5,0.10254405915737153,0.9652634751796721,1.1715497016906737,0.5893869984149933
B,2,repo_uniform_t,40,2.0,80,0.5,20,1500,False,True,False,full_final,0.7,0.2522266134619713,0.8951136481761932,1.0104328513145446,0.5725811231136322
B,2,repo_uniform_t,40,2.0,80,0.5,20,1500,False,True,False,full_final,0.9,0.5095717298984528,0.7462510514259338,0.8199619805812836,0.5429383540153503
B,2,repo_uniform_t,40,2.0,80,1.0,40,1500,False,True,False,full_final,0.1,0.04175001759082079,0.9931224393844605,1.0880605506896972,0.6590291106700897
B,2,repo_uniform_t,40,2.0,80,1.0,40,1500,False,True,False,full_final,0.3,0.11446715265512467,0.9601914155483244,1.0289532923698426,0.6439293611049652
B,2,repo_uniform_t,40,2.0,80,1.0,40,1500,False,True,False,full_final,0.5,0.23040549546480177,0.9038724863529206,0.9581697773933411,0.6262763595581055
B,2,repo_uniform_t,40,2.0,80,1.0,40,1500,False,True,False,full_final,0.7,0.3886887204647064,0.8207771348953246,0.8765795004367828,0.6008214724063873
B,2,repo_uniform_t,40,2.0,80,1.0,40,1500,False,True,False,full_final,0.9,0.5826706826686859,0.6885300731658935,0.7700613677501679,0.5595758140087128
B,2,repo_uniform_t,40,2.0,80,2.0,80,1500,False,True,False,full_final,0.1,0.1438604348897934,0.9515636837482454,0.7890039730072022,0.6967514181137084
B,2,repo_uniform_t,40,2.0,80,2.0,80,1500,False,True,False,full_final,0.3,0.2468993553519249,0.8956653535366058,0.789312002658844,0.6763953185081482
B,2,repo_uniform_t,40,2.0,80,2.0,80,1500,False,True,False,full_final,0.5,0.37057310104370117,0.8313793981075287,0.7825561392307282,0.652181590795517
B,2,repo_uniform_t,40,2.0,80,2.0,80,1500,False,True,False,full_final,0.7,0.5010732740163804,0.7548346614837647,0.7647325801849365,0.6200364696979522
B,2,repo_uniform_t,40,2.0,80,2.0,80,1500,False,True,False,full_final,0.9,0.6321885502338409,0.6453675282001495,0.7279734647274018,0.5697782123088837
B,2,repo_uniform_t,40,2.0,80,5.0,200,1500,False,True,False,full_final,0.1,0.2952908715605736,0.8736663389205933,0.5640375781059265,0.7416172707080841
B,2,repo_uniform_t,40,2.0,80,5.0,200,1500,False,True,False,full_final,0.3,0.3789433479309082,0.826205369234085,0.5970454025268555,0.7161991798877716
B,2,repo_uniform_t,40,2.0,80,5.0,200,1500,False,True,False,full_final,0.5,0.46784321308135984,0.7730528998374939,0.6311533176898956,0.6851504004001617
B,2,repo_uniform_t,40,2.0,80,5.0,200,1500,False,True,False,full_final,0.7,0.5584642827510834,0.7112838387489319,0.662611974477768,0.6447817814350129
B,2,repo_uniform_t,40,2.0,80,5.0,200,1500,False,True,False,full_final,0.9,0.6501147186756134,0.62011421084404,0.68623011469841,0.583541384935379
B,2,repo_uniform_t,40,2.0,80,10.0,400,1500,False,True,False,full_final,0.1,0.3558737617731094,0.8392083883285523,0.4902363675832748,0.7652414631843567
B,2,repo_uniform_t,40,2.0,80,10.0,400,1500,False,True,False,full_final,0.3,0.4271312201023102,0.7969514691829681,0.5370480716228485,0.7365819048881531
B,2,repo_uniform_t,40,2.0,80,10.0,400,1500,False,True,False,full_final,0.5,0.5011518293619156,0.751528160572052,0.5825624918937683,0.7022523200511932
B,2,repo_uniform_t,40,2.0,80,10.0,400,1500,False,True,False,full_final,0.7,0.5758219075202942,0.6955136287212372,0.627424087524414,0.6588928627967835
B,2,repo_uniform_t,40,2.0,80,10.0,400,1500,False,True,False,full_final,0.9,0.6546852397918701,0.6118403148651123,0.6718809020519256,0.5924318385124206
B,2,repo_uniform_t,40,2.0,80,20.0,800,1500,False,True,False,full_final,0.1,0.3947109144926071,0.8155782759189606,0.45950783908367154,0.7781491184234619
B,2,repo_uniform_t,40,2.0,80,20.0,800,1500,False,True,False,full_final,0.3,0.4566207534074783,0.779615660905838,0.5061554843187333,0.748378643989563
B,2,repo_uniform_t,40,2.0,80,20.0,800,1500,False,True,False,full_final,0.5,0.5206512296199799,0.7371533608436585,0.557531076669693,0.7129594266414643
B,2,repo_uniform_t,40,2.0,80,20.0,800,1500,False,True,False,full_final,0.7,0.5864884626865386,0.6858256900310516,0.6104573333263397,0.6669378745555877
B,2,repo_uniform_t,40,2.0,80,20.0,800,1500,False,True,False,full_final,0.9,0.6569828808307647,0.6074007642269135,0.6649634599685669,0.5972512912750244
B,2,repo_uniform_t,40,2.0,80,50.0,2000,1500,False,True,False,full_final,0.1,0.4159554469156266,0.8031040875434875,0.4438429445028305,0.7851438927650451
B,2,repo_uniform_t,40,2.0,80,50.0,2000,1500,False,True,False,full_final,0.3,0.47183612266540526,0.7688422232532501,0.493170183300972,0.7553099381923676
B,2,repo_uniform_t,40,2.0,80,50.0,2000,1500,False,True,False,full_final,0.5,0.5304347623538971,0.7298684595394135,0.5453469407558441,0.7194064879417419
B,2,repo_uniform_t,40,2.0,80,50.0,2000,1500,False,True,False,full_final,0.7,0.5916846363258362,0.6809585572910309,0.601209489107132,0.6730197429656982
B,2,repo_uniform_t,40,2.0,80,50.0,2000,1500,False,True,False,full_final,0.9,0.657987287569046,0.6050412046146394,0.6614104211330414,0.6008413565158844
C,2,repo_uniform_t,80,1.0,80,1.0,80,1500,False,True,False,full_final,0.1,0.17757101356983185,0.9394760727882385,0.9761265063285828,0.6270802056789399
C,2,repo_uniform_t,80,1.0,80,1.0,80,1500,False,True,False,full_final,0.3,0.29146927237510684,0.8750274503231047,0.9438879585266113,0.6123972618579865
C,2,repo_uniform_t,80,1.0,80,1.0,80,1500,False,True,False,full_final,0.5,0.412769655585289,0.8076203727722169,0.8991759383678436,0.5950774347782135
C,2,repo_uniform_t,80,1.0,80,1.0,80,1500,False,True,False,full_final,0.7,0.5352741646766662,0.7312990522384644,0.8386541521549224,0.5742062389850616
C,2,repo_uniform_t,80,1.0,80,1.0,80,1500,False,True,False,full_final,0.9,0.6468891620635986,0.631238477230072,0.7533700835704803,0.5430347001552582
C,2,repo_uniform_t,80,1.0,80,2.0,160,1500,False,True,False,full_final,0.1,0.34108891904354094,0.8522529196739196,0.7533679974079132,0.6541768527030944
C,2,repo_uniform_t,80,1.0,80,2.0,160,1500,False,True,False,full_final,0.3,0.421475071310997,0.8028215897083284,0.7542186844348907,0.6361820805072784
C,2,repo_uniform_t,80,1.0,80,2.0,160,1500,False,True,False,full_final,0.5,0.5060148227214813,0.7491672432422638,0.7491410791873931,0.6153139781951904
C,2,repo_uniform_t,80,1.0,80,2.0,160,1500,False,True,False,full_final,0.7,0.5874921178817749,0.6876709592342377,0.7380570340156555,0.5895425820350647
C,2,repo_uniform_t,80,1.0,80,2.0,160,1500,False,True,False,full_final,0.9,0.6611890387535095,0.6052645182609558,0.7132413029670716,0.5514099061489105
C,2,repo_uniform_t,80,1.0,80,5.0,400,1500,False,True,False,full_final,0.1,0.4615202522277832,0.7805945837497711,0.61025949716568,0.6890434467792511
C,2,repo_uniform_t,80,1.0,80,5.0,400,1500,False,True,False,full_final,0.3,0.5148241990804672,0.7435680043697357,0.6330185651779174,0.6656524384021759
C,2,repo_uniform_t,80,1.0,80,5.0,400,1500,False,True,False,full_final,0.5,0.5686666166782379,0.7029685556888581,0.6548555040359497,0.6403052687644959
C,2,repo_uniform_t,80,1.0,80,5.0,400,1500,False,True,False,full_final,0.7,0.6192371499538422,0.6554195654392242,0.6720326161384582,0.6093250739574433
C,2,repo_uniform_t,80,1.0,80,5.0,400,1500,False,True,False,full_final,0.9,0.6692520833015442,0.5882244777679443,0.6879184627532959,0.5621032309532166
C,2,repo_uniform_t,80,1.0,80,10.0,800,1500,False,True,False,full_final,0.1,0.5018890696763992,0.7520672881603241,0.5753807628154755,0.7036124622821808
C,2,repo_uniform_t,80,1.0,80,10.0,800,1500,False,True,False,full_final,0.3,0.5440846049785614,0.7214206802845001,0.6024829947948456,0.6786339390277862
C,2,repo_uniform_t,80,1.0,80,10.0,800,1500,False,True,False,full_final,0.5,0.5871052598953247,0.6854408490657806,0.6311616241931916,0.6511313652992249
C,2,repo_uniform_t,80,1.0,80,10.0,800,1500,False,True,False,full_final,0.7,0.6299955499172211,0.6431806349754333,0.6560359108448028,0.6178695392608643
C,2,repo_uniform_t,80,1.0,80,10.0,800,1500,False,True,False,full_final,0.9,0.6723342871665955,0.5815458881855011,0.6814922451972961,0.5673549056053162
C,2,repo_uniform_t,80,1.0,80,20.0,1600,1500,False,True,False,full_final,0.1,0.5229126943111421,0.7364367570400238,0.5586757123470306,0.7122328901290893
C,2,repo_uniform_t,80,1.0,80,20.0,1600,1500,False,True,False,full_final,0.3,0.5611472989559174,0.7073657524108887,0.5875486314296723,0.6873216843605041
C,2,repo_uniform_t,80,1.0,80,20.0,1600,1500,False,True,False,full_final,0.5,0.5987374233245849,0.6752018730640412,0.6185036301612854,0.6587387824058533
C,2,repo_uniform_t,80,1.0,80,20.0,1600,1500,False,True,False,full_final,0.7,0.6370681160926819,0.6351266641139983,0.6492792868614197,0.622436660528183
C,2,repo_uniform_t,80,1.0,80,20.0,1600,1500,False,True,False,full_final,0.9,0.6746367086410523,0.5770158480167389,0.6784269726276397,0.5705192244052887
C,2,repo_uniform_t,80,1.0,80,50.0,4000,1500,False,True,False,full_final,0.1,0.5293349621295929,0.7305723876571656,0.5421149361133576,0.7207016956806183
C,2,repo_uniform_t,80,1.0,80,50.0,4000,1500,False,True,False,full_final,0.3,0.5654974098205566,0.7029964904785156,0.5742599833011627,0.6956299006938934
C,2,repo_uniform_t,80,1.0,80,50.0,4000,1500,False,True,False,full_final,0.5,0.6015578631019592,0.6716425272941589,0.6082706940174103,0.665818704366684
C,2,repo_uniform_t,80,1.0,80,50.0,4000,1500,False,True,False,full_final,0.7,0.6379399451351165,0.6331092947864532,0.6430224657058716,0.6283864223957062
C,2,repo_uniform_t,80,1.0,80,50.0,4000,1500,False,True,False,full_final,0.9,0.67488847448349,0.5760375230979918,0.6762126672267914,0.5732944834232331
A+B,2,repo_uniform_t,80,2.0,160,0.5,40,3000,False,True,False,full_final,0.1,0.0017339533008635046,0.9999666666984558,1.7754972386360168,0.6093735694885254
A+B,2,repo_uniform_t,80,2.0,160,0.5,40,3000,False,True,False,full_final,0.3,0.021336474232375623,0.9945553314685821,1.5958500361442567,0.6006733763217926
A+B,2,repo_uniform_t,80,2.0,160,0.5,40,3000,False,True,False,full_final,0.5,0.0953692489862442,0.9635271906852723,1.4087428784370422,0.5877984917163849
A+B,2,repo_uniform_t,80,2.0,160,0.5,40,3000,False,True,False,full_final,0.7,0.25940518647432326,0.8896438813209533,1.1866555142402648,0.5711659336090088
A+B,2,repo_uniform_t,80,2.0,160,0.5,40,3000,False,True,False,full_final,0.9,0.5215437412261963,0.7415607476234436,0.9045309329032898,0.5424634444713593
A+B+C,2,repo_uniform_t,80,2.0,160,1.0,80,3000,False,True,False,full_final,0.1,0.03072075270116329,0.995094119310379,1.2587078547477721,0.647355717420578
A+B+C,2,repo_uniform_t,80,2.0,160,1.0,80,3000,False,True,False,full_final,0.3,0.11012008130550384,0.9594965112209322,1.1766522121429444,0.6336251676082612
A+B+C,2,repo_uniform_t,80,2.0,160,1.0,80,3000,False,True,False,full_final,0.5,0.23930669605731963,0.8987652528285979,1.0862863874435424,0.6158745527267456
A+B+C,2,repo_uniform_t,80,2.0,160,1.0,80,3000,False,True,False,full_final,0.7,0.4070119804143905,0.8147464239597321,0.9741892910003662,0.5921066224575042
A+B+C,2,repo_uniform_t,80,2.0,160,1.0,80,3000,False,True,False,full_final,0.9,0.6027841877937317,0.6825433111190796,0.815728417634964,0.5549195694923401
A+B+C,2,repo_uniform_t,80,2.0,160,2.0,160,3000,False,True,False,full_final,0.1,0.13606940239667892,0.9540253388881684,0.8545546686649322,0.6898127508163452
A+B+C,2,repo_uniform_t,80,2.0,160,2.0,160,3000,False,True,False,full_final,0.3,0.24644014954566956,0.8951973783969878,0.8477718353271484,0.6702714717388153
A+B+C,2,repo_uniform_t,80,2.0,160,2.0,160,3000,False,True,False,full_final,0.5,0.3744488596916199,0.8302128422260285,0.8325560700893402,0.6465992891788482
A+B+C,2,repo_uniform_t,80,2.0,160,2.0,160,3000,False,True,False,full_final,0.7,0.5083305758237838,0.7530095362663269,0.8034406328201293,0.6150909161567688
A+B+C,2,repo_uniform_t,80,2.0,160,2.0,160,3000,False,True,False,full_final,0.9,0.6395272624492645,0.6439865028858185,0.7453759586811066,0.5673819267749787
A+B+C,2,repo_uniform_t,80,2.0,160,5.0,400,3000,False,True,False,full_final,0.1,0.2973663568496704,0.8730852389335633,0.576751458644867,0.7395645105838775
A+B+C,2,repo_uniform_t,80,2.0,160,5.0,400,3000,False,True,False,full_final,0.3,0.3826184242963791,0.8243408477306366,0.6108555221557617,0.7138809847831726
A+B+C,2,repo_uniform_t,80,2.0,160,5.0,400,3000,False,True,False,full_final,0.5,0.47109252095222476,0.771874452829361,0.6425093841552735,0.6828367304801941
A+B+C,2,repo_uniform_t,80,2.0,160,5.0,400,3000,False,True,False,full_final,0.7,0.5621640050411224,0.7102025759220123,0.6705081510543823,0.6429805409908295
A+B+C,2,repo_uniform_t,80,2.0,160,5.0,400,3000,False,True,False,full_final,0.9,0.6512268388271332,0.6208596193790435,0.6894832503795624,0.5833895134925843
A+B+C,2,repo_uniform_t,80,2.0,160,10.0,800,3000,False,True,False,full_final,0.1,0.3680269455909729,0.8321349549293519,0.5002567327022552,0.7613464260101318
A+B+C,2,repo_uniform_t,80,2.0,160,10.0,800,3000,False,True,False,full_final,0.3,0.43591514706611634,0.7925152349472045,0.5459505355358124,0.7327193188667297
A+B+C,2,repo_uniform_t,80,2.0,160,10.0,800,3000,False,True,False,full_final,0.5,0.5079429614543914,0.7474931514263153,0.589614143371582,0.6988254594802856
A+B+C,2,repo_uniform_t,80,2.0,160,10.0,800,3000,False,True,False,full_final,0.7,0.5813840758800507,0.6927414512634278,0.632815922498703,0.6558809280395508
A+B+C,2,repo_uniform_t,80,2.0,160,10.0,800,3000,False,True,False,full_final,0.9,0.656016970872879,0.6115776765346527,0.6744003856182098,0.5908470296859741
A+B+C,2,repo_uniform_t,80,2.0,160,20.0,1600,3000,False,True,False,full_final,0.1,0.4154342781066894,0.8054239163398742,0.48176317870616914,0.7684781467914581
A+B+C,2,repo_uniform_t,80,2.0,160,20.0,1600,3000,False,True,False,full_final,0.3,0.4734696950435638,0.7705645256042482,0.5275158929824829,0.7397368848323822
A+B+C,2,repo_uniform_t,80,2.0,160,20.0,1600,3000,False,True,False,full_final,0.5,0.5341817480564117,0.7303659452915192,0.5738239443302154,0.7053095507621765
A+B+C,2,repo_uniform_t,80,2.0,160,20.0,1600,3000,False,True,False,full_final,0.7,0.5965264060497284,0.6800680828571319,0.6215561199188232,0.6610414516925812
A+B+C,2,repo_uniform_t,80,2.0,160,20.0,1600,3000,False,True,False,full_final,0.9,0.6606667708396913,0.6048134457111359,0.6694387364387512,0.5940048825740815
A+B+C,2,repo_uniform_t,80,2.0,160,50.0,4000,3000,False,True,False,full_final,0.1,0.42654308853626255,0.797142835960388,0.45206368625164034,0.7813428556919098
A+B+C,2,repo_uniform_t,80,2.0,160,50.0,4000,3000,False,True,False,full_final,0.3,0.48029232600212096,0.7639731895160676,0.5015664303302765,0.7510270178318024
A+B+C,2,repo_uniform_t,80,2.0,160,50.0,4000,3000,False,True,False,full_final,0.5,0.5369989871406555,0.7257932354164124,0.553071744441986,0.7151360321044922
A+B+C,2,repo_uniform_t,80,2.0,160,50.0,4000,3000,False,True,False,full_final,0.7,0.5968460447788239,0.6773397371196747,0.6068381035327911,0.6692219138145447
A+B+C,2,repo_uniform_t,80,2.0,160,50.0,4000,3000,False,True,False,full_final,0.9,0.660046098909378,0.6037410648918152,0.66375617146492,0.5989357697963714
A,2,repo_uniform_t,80,2.0,160,100.0,8000,3000,False,True,False,full_final,0.1,0.43431715711593627,0.7917523093223572,0.44727537751197816,0.7838911426067352
A,2,repo_uniform_t,80,2.0,160,100.0,8000,3000,False,True,False,full_final,0.3,0.4865930164384842,0.7600312676334381,0.4976524269580841,0.7531030488014221
A,2,repo_uniform_t,80,2.0,160,100.0,8000,3000,False,True,False,full_final,0.5,0.5411255692863464,0.7225687353897093,0.5489274275302887,0.7170681655406952
A,2,repo_uniform_t,80,2.0,160,100.0,8000,3000,False,True,False,full_final,0.7,0.5990225915718079,0.6750481412887572,0.6040248107910157,0.6709777319431305
A,2,repo_uniform_t,80,2.0,160,100.0,8000,3000,False,True,False,full_final,0.9,0.6606087010288239,0.6025885760593415,0.6624961447715759,0.6001141774654388
C,2,repo_uniform_t,80,4.0,320,1.0,80,6000,False,True,False,full_final,0.1,0.0012942525430116802,0.9999133932590485,1.5647346591949463,0.6816694438457489
C,2,repo_uniform_t,80,4.0,320,1.0,80,6000,False,True,False,full_final,0.3,0.01898563329130411,0.9942958378791807,1.4165041708946229,0.6687633085250855
C,2,repo_uniform_t,80,4.0,320,1.0,80,6000,False,True,False,full_final,0.5,0.08774070024490356,0.9666820049285889,1.2645060658454894,0.6512400662899017
C,2,repo_uniform_t,80,4.0,320,1.0,80,6000,False,True,False,full_final,0.7,0.23982696712017057,0.8995244896411896,1.090908854007721,0.6251557326316833
C,2,repo_uniform_t,80,4.0,320,1.0,80,6000,False,True,False,full_final,0.9,0.5084922599792481,0.7540048015117645,0.8687355232238769,0.5780439865589142
C,2,repo_uniform_t,80,4.0,320,2.0,160,6000,False,True,False,full_final,0.1,0.02216424360871315,0.9960337817668915,0.9433813607692718,0.7334748339653016
C,2,repo_uniform_t,80,4.0,320,2.0,160,6000,False,True,False,full_final,0.3,0.08934652179479599,0.967104448080063,0.9144496273994446,0.7152156829833984
C,2,repo_uniform_t,80,4.0,320,2.0,160,6000,False,True,False,full_final,0.5,0.2060903552174568,0.9141966354846953,0.883634215593338,0.6903564810752869
C,2,repo_uniform_t,80,4.0,320,2.0,160,6000,False,True,False,full_final,0.7,0.37212827920913694,0.8342208635807037,0.8392403531074524,0.6553247201442719
C,2,repo_uniform_t,80,4.0,320,2.0,160,6000,False,True,False,full_final,0.9,0.5822088134288788,0.7005875921249389,0.764926632642746,0.5951423799991608
C,2,repo_uniform_t,80,4.0,320,5.0,400,6000,False,True,False,full_final,0.1,0.12454042494297028,0.954543433189392,0.55302614569664,0.7881523132324219
C,2,repo_uniform_t,80,4.0,320,5.0,400,6000,False,True,False,full_final,0.3,0.22384540468454361,0.9052832412719727,0.5909101998806,0.7626104593276978
C,2,repo_uniform_t,80,4.0,320,5.0,400,6000,False,True,False,full_final,0.5,0.33984323501586916,0.8482041680812835,0.6279494214057922,0.7304969584941864
C,2,repo_uniform_t,80,4.0,320,5.0,400,6000,False,True,False,full_final,0.7,0.47299656093120573,0.7755984818935394,0.6625530028343201,0.6864749562740325
C,2,repo_uniform_t,80,4.0,320,5.0,400,6000,False,True,False,full_final,0.9,0.6190434205532074,0.6634444749355316,0.689340283870697,0.6128031170368194
C,2,repo_uniform_t,80,4.0,320,10.0,800,6000,False,True,False,full_final,0.1,0.21560508459806443,0.9095445394515991,0.43506765127182007,0.8136621642112732
C,2,repo_uniform_t,80,4.0,320,10.0,800,6000,False,True,False,full_final,0.3,0.3030965334177017,0.8657724726200103,0.48641391217708585,0.7856625735759735
C,2,repo_uniform_t,80,4.0,320,10.0,800,6000,False,True,False,full_final,0.5,0.39860418856143953,0.8162678623199463,0.5402773797512055,0.7504120695590973
C,2,repo_uniform_t,80,4.0,320,10.0,800,6000,False,True,False,full_final,0.7,0.5054321205615997,0.7523494482040405,0.5971634435653687,0.7028817629814148
C,2,repo_uniform_t,80,4.0,320,10.0,800,6000,False,True,False,full_final,0.9,0.6264041471481323,0.651413825750351,0.6598063445091248,0.6233520066738129
C,2,repo_uniform_t,80,4.0,320,20.0,1600,6000,False,True,False,full_final,0.1,0.28536506652832033,0.8751958597660066,0.3949135506153107,0.8251201736927033
C,2,repo_uniform_t,80,4.0,320,20.0,1600,6000,False,True,False,full_final,0.3,0.35719881246089935,0.8388446715354919,0.4487285614013672,0.7965625929832458
C,2,repo_uniform_t,80,4.0,320,20.0,1600,6000,False,True,False,full_final,0.5,0.4370536780357361,0.7950765659809114,0.5065060865879059,0.7609017896652222
C,2,repo_uniform_t,80,4.0,320,20.0,1600,6000,False,True,False,full_final,0.7,0.5263500878810882,0.7379997284889221,0.5717037856578827,0.7117278838157653
C,2,repo_uniform_t,80,4.0,320,20.0,1600,6000,False,True,False,full_final,0.9,0.6317014919757843,0.6442526796340943,0.6482315039634705,0.6294722926616668
C,2,repo_uniform_t,80,4.0,320,50.0,4000,6000,False,True,False,full_final,0.1,0.3078404297304153,0.8613474185371399,0.35111508071422576,0.839736579656601
C,2,repo_uniform_t,80,4.0,320,50.0,4000,6000,False,True,False,full_final,0.3,0.37206378639221194,0.8282967308616637,0.4073587852716446,0.8102226328849792
C,2,repo_uniform_t,80,4.0,320,50.0,4000,6000,False,True,False,full_final,0.5,0.4437882095050812,0.7880491729164123,0.4712183707952499,0.7729422080516816
C,2,repo_uniform_t,80,4.0,320,50.0,4000,6000,False,True,False,full_final,0.7,0.5270981455421447,0.7339547081851959,0.5442036306858062,0.7227840483188629
C,2,repo_uniform_t,80,4.0,320,50.0,4000,6000,False,True,False,full_final,0.9,0.6298921231269836,0.6432259926795959,0.6361913096904754,0.6368443477153778
B,2,repo_uniform_t,160,2.0,320,0.5,80,6000,False,True,False,full_final,0.1,0.0013936647668015211,0.9999453663825989,1.880320827960968,0.6111301183700562
B,2,repo_uniform_t,160,2.0,320,0.5,80,6000,False,True,False,full_final,0.3,0.02048928029835224,0.9940610980987549,1.6883809638023377,0.6017202663421631
B,2,repo_uniform_t,160,2.0,320,0.5,80,6000,False,True,False,full_final,0.5,0.09596167966723441,0.9630686962604521,1.483208360671997,0.5890264356136322
B,2,repo_uniform_t,160,2.0,320,0.5,80,6000,False,True,False,full_final,0.7,0.2585587579011917,0.8909534358978272,1.2432216477394105,0.5717823648452759
B,2,repo_uniform_t,160,2.0,320,0.5,80,6000,False,True,False,full_final,0.9,0.5268883717060089,0.7422171759605408,0.9323621988296509,0.5433718204498291
B,2,repo_uniform_t,160,2.0,320,1.0,160,6000,False,True,False,full_final,0.1,0.029258889704942705,0.9946929502487183,1.2868046545982361,0.6471168076992035
B,2,repo_uniform_t,160,2.0,320,1.0,160,6000,False,True,False,full_final,0.3,0.1084903745353222,0.9595631885528565,1.2041419410705567,0.633256447315216
B,2,repo_uniform_t,160,2.0,320,1.0,160,6000,False,True,False,full_final,0.5,0.24020508885383607,0.898649308681488,1.1096041011810303,0.6156692767143249
B,2,repo_uniform_t,160,2.0,320,1.0,160,6000,False,True,False,full_final,0.7,0.412098508477211,0.8134899783134462,0.992493724822998,0.592157837152481
B,2,repo_uniform_t,160,2.0,320,1.0,160,6000,False,True,False,full_final,0.9,0.6063203537464141,0.6829798638820648,0.8252586615085602,0.5545573353767395
B,2,repo_uniform_t,160,2.0,320,2.0,320,6000,False,True,False,full_final,0.1,0.14004992336034774,0.9509001910686493,0.8703221130371094,0.688509681224823
B,2,repo_uniform_t,160,2.0,320,2.0,320,6000,False,True,False,full_final,0.3,0.25263152092695235,0.8925217366218569,0.8622554492950439,0.6689746272563935
B,2,repo_uniform_t,160,2.0,320,2.0,320,6000,False,True,False,full_final,0.5,0.38042047202587126,0.8278314864635468,0.8439971423149109,0.6452955794334412
B,2,repo_uniform_t,160,2.0,320,2.0,320,6000,False,True,False,full_final,0.7,0.5150638616085053,0.7512294328212739,0.8123562920093537,0.6142536950111389
B,2,repo_uniform_t,160,2.0,320,2.0,320,6000,False,True,False,full_final,0.9,0.6426658487319946,0.6437583768367767,0.7496257710456848,0.5671712195873261
B,2,repo_uniform_t,160,2.0,320,5.0,800,6000,False,True,False,full_final,0.1,0.31131346166133883,0.8646006536483765,0.597687760591507,0.733522390127182
B,2,repo_uniform_t,160,2.0,320,5.0,800,6000,False,True,False,full_final,0.3,0.39725466310977936,0.8172588312625885,0.6294248342514038,0.7080105137825012
B,2,repo_uniform_t,160,2.0,320,5.0,800,6000,False,True,False,full_final,0.5,0.48457269549369814,0.7660728192329407,0.6577191603183746,0.6777761864662171
B,2,repo_uniform_t,160,2.0,320,5.0,800,6000,False,True,False,full_final,0.7,0.5715778923034668,0.7055353689193725,0.6811350858211518,0.6396626198291778
B,2,repo_uniform_t,160,2.0,320,5.0,800,6000,False,True,False,full_final,0.9,0.6556328904628753,0.6182887363433838,0.6941611814498901,0.5815123987197875
B,2,repo_uniform_t,160,2.0,320,10.0,1600,6000,False,True,False,full_final,0.1,0.3947540601491928,0.819730011844635,0.5338212335109711,0.7510564947128295
B,2,repo_uniform_t,160,2.0,320,10.0,1600,6000,False,True,False,full_final,0.3,0.4607202760219575,0.7816394865036012,0.5734410738945007,0.7233395433425903
B,2,repo_uniform_t,160,2.0,320,10.0,1600,6000,False,True,False,full_final,0.5,0.5278645980834961,0.7387153948783874,0.612201521396637,0.6909960389137269
B,2,repo_uniform_t,160,2.0,320,10.0,1600,6000,False,True,False,full_final,0.7,0.5953866906166077,0.6857272624969483,0.6486049032211304,0.6499801564216614
B,2,repo_uniform_t,160,2.0,320,10.0,1600,6000,False,True,False,full_final,0.9,0.6616999623298645,0.6079610478878021,0.6803790843486786,0.5879444909095765
B,2,repo_uniform_t,160,2.0,320,20.0,3200,6000,False,True,False,full_final,0.1,0.4189320619821549,0.8034457867622374,0.4875123739242554,0.7659880435466766
B,2,repo_uniform_t,160,2.0,320,20.0,3200,6000,False,True,False,full_final,0.3,0.4771405320882797,0.7687435890197754,0.5327640450000763,0.7370212173461914
B,2,repo_uniform_t,160,2.0,320,20.0,3200,6000,False,True,False,full_final,0.5,0.5371154985427856,0.7287990313053132,0.5784051775932312,0.7028828954696655
B,2,repo_uniform_t,160,2.0,320,20.0,3200,6000,False,True,False,full_final,0.7,0.598518391418457,0.6790176275253296,0.6246008574962616,0.6597315514087677
B,2,repo_uniform_t,160,2.0,320,20.0,3200,6000,False,True,False,full_final,0.9,0.6614768503665924,0.6045188081741333,0.6705590653419494,0.5937649571895599
B,2,repo_uniform_t,160,2.0,320,50.0,8000,6000,False,True,False,full_final,0.1,0.4412643582439423,0.7899935812473298,0.4682677125930786,0.7744675505161286
B,2,repo_uniform_t,160,2.0,320,50.0,8000,6000,False,True,False,full_final,0.3,0.4934214973211289,0.7578170553207396,0.5142354607582093,0.7455065441131592
B,2,repo_uniform_t,160,2.0,320,50.0,8000,6000,False,True,False,full_final,0.5,0.5473791952896119,0.7206162151527405,0.5629092800617218,0.7103639662265777
B,2,repo_uniform_t,160,2.0,320,50.0,8000,6000,False,True,False,full_final,0.7,0.603647529592514,0.6734520942497254,0.6135569190979004,0.6656620883941651
B,2,repo_uniform_t,160,2.0,320,50.0,8000,6000,False,True,False,full_final,0.9,0.6625739829444884,0.6017904181671142,0.6658762657642364,0.5976407933235168
